KIR2DL1	2	KIR2DL1*003	52.371189	20	KIR2DL1*004	30.605052	8
KIR2DL2	1	KIR2DL2*003	64.498172	25	.	0	-1
KIR2DL3	1	KIR2DL3*001	94.730331	46	.	0	-1
KIR2DL4	0	.	0	-1	.	0	-1
KIR2DL5A	0	.	0	-1	.	0	-1
KIR2DL5B	2	KIR2DL5B*002	42.920388	25	KIR2DL5B*008	46.228800	28
KIR2DP1	2	KIR2DP1*010	48.679073	17	KIR2DP1*003	34.552469	10
KIR2DS1	2	KIR2DS1*002	46.004137	17	KIR2DS1*011	36.680576	12
KIR2DS2	1	KIR2DS2*016	2.285625	0	.	0	-1
KIR2DS3	0	.	0	-1	.	0	-1
KIR2DS4	0	.	0	-1	.	0	-1
KIR2DS5	2	KIR2DS5*006	39.408867	15	KIR2DS5*002	29.556650	10
KIR3DL1	0	.	0	-1	.	0	-1
KIR3DL2	2	KIR3DL2*047	44.957958	25	KIR3DL2*086	23.663002	11
KIR3DL3	2	KIR3DL3*013	34.973511	17	KIR3DL3*075	19.428240	8
KIR3DP1	0	.	0	-1	.	0	-1
KIR3DS1	2	KIR3DS1*013	47.035573	24	KIR3DS1*048	47.035573	24
