KIR2DL1	2	KIR2DL1*001,KIR2DL1*002	67.333396	25	KIR2DL1*004	67.264564	25
KIR2DL2	1	KIR2DL2*001	71.928095	23	.	0	-1
KIR2DL3	1	KIR2DL3*002	71.490653	23	.	0	-1
KIR2DL4	2	KIR2DL4*001	75.840601	51	KIR2DL4*005	66.785007	43
KIR2DL5A	1	KIR2DL5A*005	29.315961	9	.	0	-1
KIR2DL5B	1	KIR2DL5B*002	117.263844	60	.	0	-1
KIR2DS1	1	KIR2DS1*002,KIR2DS1*005	71.312970	25	.	0	-1
KIR2DS2	1	KIR2DS2*001	72.906404	25	.	0	-1
KIR2DS3	2	KIR2DS3*001	72.577996	34	KIR2DS3*002	61.412151	27
KIR2DS4	1	KIR2DS4*001	69.950739	30	.	0	-1
KIR2DS5	0	.	0	-1	.	0	-1
KIR3DL1	1	KIR3DL1*007	70.730934	29	.	0	-1
KIR3DL2	2	KIR3DL2*009	63.479246	33	KIR3DL2*007	40.983238	18
KIR3DL3	2	KIR3DL3*001	76.406604	40	KIR3DL3*003	69.129780	35
KIR3DS1	1	KIR3DS1*013	70.751865	32	.	0	-1
KIR2DP1	2	KIR2DP1*001	83.108846	31	KIR2DP1*012	28.292373	4
KIR3DP1	2	KIR3DP1*006	70.456632	35	KIR3DP1*003	67.746724	33
