KIR2DL1	2	KIR2DL1*004	8.426530	4	KIR2DL1*012	5.568813	2
KIR2DL2	1	KIR2DL2*001	6.974717	3	.	0	-1
KIR2DL3	1	KIR2DL3*002	6.216696	2	.	0	-1
KIR2DL4	2	KIR2DL4*025,KIR2DL4*037	4.051875	3	KIR2DL4*022,KIR2DL4*033	4.051855	3
KIR2DL5A	1	KIR2DL5A*005	1.861331	0	.	0	-1
KIR2DL5B	1	KIR2DL5B*002,KIR2DL5B*010	11.167985	0	.	0	-1
KIR2DP1	1	KIR2DP1*001	10.443864	5	.	0	-1
KIR2DS1	1	KIR2DS1*002,KIR2DS1*006	3.889006	1	.	0	-1
KIR2DS2	1	KIR2DS2*001,KIR2DS2*006,KIR2DS2*017,KIR2DS2*019	6.896552	3	.	0	-1
KIR2DS3	1	KIR2DS3*001	13.793103	8	.	0	-1
KIR2DS4	1	KIR2DS4*001	6.896552	3	.	0	-1
KIR2DS5	0	.	0	-1	.	0	-1
KIR3DL1	1	KIR3DL1*007,KIR3DL1*102	6.222135	3	.	0	-1
KIR3DL2	2	KIR3DL2*009	7.006625	4	KIR3DL2*006	5.254955	3
KIR3DL3	2	KIR3DL3*047,KIR3DL3*094	6.751678	4	KIR3DL3*059	3.375864	2
KIR3DP1	2	KIR3DP1*006,KIR3DP1*029	8.166562	5	KIR3DP1*003,KIR3DP1*047	4.666607	2
KIR3DS1	1	KIR3DS1*010,KIR3DS1*013,KIR3DS1*082	7.176611	4	.	0	-1
